{"category_id":28,"avg_likes":323214.0}
{"category_id":26,"avg_likes":78625.0}
{"category_id":27,"avg_likes":1978.0}
{"category_id":22,"avg_likes":197049.73770491802}
{"category_id":20,"avg_likes":68268.0}
{"category_id":19,"avg_likes":21266.0}
{"category_id":23,"avg_likes":6978.260869565217}
{"category_id":10,"avg_likes":225872.66242038217}
{"category_id":25,"avg_likes":8529.87027027027}
{"category_id":24,"avg_likes":70822.50900900901}
